﻿{"name":"LK","dataColors":["#998BF0","#CBA7E9","#2A0D4F","#FFF1FF","#F2F2F2","#FFFFFF","#FFFFFF","#414343","#3599B8","#DFBFBF","#4AC5BB","#5F6B6D","#FB8281","#F4D25A","#7F898A","#A4DDEE","#FDAB89","#B687AC","#28738A","#A78F8F","#168980","#293537","#BB4A4A","#B59525","#475052","#6A9FB0","#BD7150","#7B4F71","#1B4D5C","#706060","#0F5C55","#1C2325"],"background":"#FFFFFF","foreground":"#EEEBF3","tableAccent":"#DB1183","textClasses":{"label":{"fontFace":"wf_standard-font, helvetica, arial, sans-serif","color":"#2F1053","fontSize":10},"callout":{"fontFace":"'Segoe UI Bold', wf_segoe-ui_bold, helvetica, arial, sans-serif","fontSize":20},"title":{"color":"#2A0D4F","fontSize":10}},"visualStyles":{"*":{"*":{"background":[{"transparency":100}],"visualHeader":[{"transparency":100}]}},"page":{"*":{"background":[{"color":{"solid":{"color":"#FFFFFF"}},"transparency":0}]}}},"backgroundLight":"#B5AEB9","foregroundNeutralSecondary":"#5B5073"}