﻿{"name":"Logística - Leonardo Karpinski 6 #","dataColors":["#5D46B2","#4777B2","#5ABCBF","#C97257","#6DDA6D","#DCE4EA","#FF4D40","#133047","#3599B8","#DFBFBF","#4AC5BB","#5F6B6D","#FB8281","#F4D25A","#7F898A","#A4DDEE","#FDAB89","#B687AC","#28738A","#A78F8F","#168980","#293537","#BB4A4A","#B59525","#475052","#6A9FB0","#BD7150","#7B4F71","#1B4D5C","#706060","#0F5C55","#1C2325"],"textClasses":{"title":{"fontFace":"'Segoe UI Semibold', wf_segoe-ui_semibold, helvetica, arial, sans-serif","fontSize":9},"label":{"fontSize":9},"callout":{"color":"#FFFFFF","fontFace":"'Segoe UI Bold', wf_segoe-ui_bold, helvetica, arial, sans-serif","fontSize":12}},"visualStyles":{"*":{"*":{"background":[{"transparency":100}]}},"page":{"*":{"background":[{"color":{"solid":{"color":"#FFFFFF"}},"transparency":100}]}}}}