﻿{"name":"Custom","dataColors":["#6B12B9","#5554FE","#14ACFF","#141618","#1C2025","#262D35","#B1FFA0","#FF9292","#3599B8","#DFBFBF","#4AC5BB","#5F6B6D","#FB8281","#F4D25A","#7F898A","#A4DDEE","#FDAB89","#B687AC","#28738A","#A78F8F","#168980","#293537","#BB4A4A","#B59525","#475052","#6A9FB0","#BD7150","#7B4F71","#1B4D5C","#706060","#0F5C55","#1C2325"],"textClasses":{"callout":{"color":"#FFFFFF","fontFace":"'Segoe UI Semibold', wf_segoe-ui_semibold, helvetica, arial, sans-serif","fontSize":10},"title":{"fontFace":"'Segoe UI Semibold', wf_segoe-ui_semibold, helvetica, arial, sans-serif","fontSize":9,"color":"#FFFFFF"},"label":{"color":"#E6E6E6","fontFace":"'Segoe UI Semibold', wf_segoe-ui_semibold, helvetica, arial, sans-serif"}},"visualStyles":{"*":{"*":{"background":[{"transparency":100}]}},"page":{"*":{"background":[{"color":{"solid":{"color":"#FFFFFF"}},"transparency":100}]}}},"foregroundNeutralSecondary":"#E6E6E6"}